{
    "$schema": "https://schema.management.azure.com/schemas/2015-01-01/deploymentParameters.json#",
    "contentVersion": "1.0.0.0",
    "parameters": {
        "workspaceName": {
            "value": "Learning_AI"
        },
        "friendlyName": {
            "value": "Learning_AI"
        },
        "description": {
            "value": ""
        },
        "kind": {
            "value": "Default"
        },
        "location": {
            "value": "southafricanorth"
        },
        "resourceGroupName": {
            "value": "LearningAI"
        },
        "appInsightsLogWorkspaceName": {
            "value": "learningai6580052559"
        },
        "sku": {
            "value": "Basic"
        },
        "identityType": {
            "value": "systemAssigned"
        },
        "primaryUserAssignedIdentityResourceGroup": {
            "value": "LearningAI"
        },
        "primaryUserAssignedIdentityName": {
            "value": ""
        },
        "storageAccountOption": {
            "value": "new"
        },
        "storageAccountName": {
            "value": "learningai5794659598"
        },
        "storageAccountType": {
            "value": "Standard_LRS"
        },
        "storageAccountBehindVNet": {
            "value": "false"
        },
        "storageAccountResourceGroupName": {
            "value": "LearningAI"
        },
        "storageAccountLocation": {
            "value": "southafricanorth"
        },
        "storageAccountHnsEnabled": {
            "value": false
        },
        "keyVaultOption": {
            "value": "new"
        },
        "keyVaultName": {
            "value": "learningai5408653601"
        },
        "keyVaultBehindVNet": {
            "value": "false"
        },
        "keyVaultResourceGroupName": {
            "value": "LearningAI"
        },
        "keyVaultLocation": {
            "value": "southafricanorth"
        },
        "applicationInsightsOption": {
            "value": "new"
        },
        "applicationInsightsName": {
            "value": "learningai8372305847"
        },
        "applicationInsightsResourceGroupName": {
            "value": "LearningAI"
        },
        "applicationInsightsLocation": {
            "value": "southafricanorth"
        },
        "containerRegistryOption": {
            "value": "none"
        },
        "containerRegistryName": {
            "value": "crf6d3hhurxzabk"
        },
        "containerRegistrySku": {
            "value": "Standard"
        },
        "containerRegistryResourceGroupName": {
            "value": "LearningAI"
        },
        "containerRegistryBehindVNet": {
            "value": "false"
        },
        "containerRegistryLocation": {
            "value": "southafricanorth"
        },
        "vnetOption": {
            "value": "none"
        },
        "vnetName": {
            "value": "vnf6d3hhurxzabk"
        },
        "vnetResourceGroupName": {
            "value": "LearningAI"
        },
        "addressPrefixes": {
            "value": [
                "10.0.0.0/16"
            ]
        },
        "subnetOption": {
            "value": "none"
        },
        "subnetName": {
            "value": "snf6d3hhurxzabk"
        },
        "subnetPrefix": {
            "value": "10.0.0.0/24"
        },
        "adbWorkspace": {
            "value": ""
        },
        "confidential_data": {
            "value": "false"
        },
        "encryption_status": {
            "value": "Disabled"
        },
        "cmk_keyvault": {
            "value": ""
        },
        "resource_cmk_uri": {
            "value": ""
        },
        "privateEndpointType": {
            "value": "none"
        },
        "tagValues": {
            "value": {}
        },
        "privateEndpointName": {
            "value": "pe"
        },
        "privateEndpointResourceGroupName": {
            "value": "LearningAI"
        },
        "privateEndpointSubscription": {
            "value": "79b61b4b-31ad-40cc-8a3d-fe4412d50036"
        },
        "systemDatastoresAuthMode": {
            "value": "accessKey"
        },
        "managedNetwork": {
            "value": {
                "isolationMode": "Disabled"
            }
        },
        "publicNetworkAccess": {
            "value": "Enabled"
        }
    }
}